Data Series,Total,Department Stores,Supermarkets & Hypermarkets,Mini-Marts & Convenience Stores,Food & Alcohol,Motor Vehicles,Petrol Service Stations,"Cosmetics, Toiletries & Medical Goods",Wearing Apparel & Footwear,Furniture & Household Equipment,Recreational Goods,Watches & Jewellery,Computer & Telecommunications Equipment,Optical Goods & Books,Others,Total (Excluding Motor Vehicles)
2022 Feb ,81.026,54.088,112.521,82.408,54.922,51.615,106.062,83.161,82.193,90.179,85.604,108.054,83.875,60.79,67.103,87.512
2022 Jan ,108.439,90.624,160.132,108.702,93.836,68.374,126.33,94.926,122.022,126.339,104.945,124.067,106.345,80.892,85.862,117.275
2021 Dec ,111.972,99.859,131.738,99.426,83.177,65.245,120.471,101.689,130.647,137.41,150.653,140.636,157.608,119.429,89.448,122.278
2021 Nov ,96.187,73.454,123.921,92.184,65.073,62.318,110.903,84.769,94.621,129.763,108.833,104.508,147.104,89.811,78.162,103.657
2021 Oct ,92.379,58.909,132.897,97.102,60.934,66.227,110.62,76.698,75.692,110.198,94.159,98.227,158.481,62.679,75.199,98.146
2021 Sep ,88.286,56.231,120.989,92.784,61.174,73.594,108.546,78.645,71.395,103.149,91.479,86.325,132.829,62.664,76.176,91.526
2021 Aug ,86.54,58.748,131.919,98.344,63.178,64.589,109.976,72.914,71.198,102.278,98.451,91.945,91.208,68.3,73.231,91.381
2021 Jul ,86.866,54.174,131.425,100.456,59.317,67.204,111.127,74.367,72.613,101.553,95.477,85.522,94.969,68.202,78.084,91.203
2021 Jun ,84.206,46.57,128.288,96.452,57.145,74.162,97.068,70.357,63.121,107.065,92.04,74.817,98.251,62.564,73.1,86.421
2021 May ,85.402,48.54,138.877,102.094,60.1,68.706,100.451,71.742,61.871,105.117,86.575,80.566,98.327,63.756,70.511,89.084
2021 Apr ,85.465,54.828,114.804,95.492,58.154,74.033,109.439,69.488,77.219,95.429,96.898,91.545,89.494,70.952,78.071,87.986
2021 Mar ,90.937,56.362,114.958,99.89,56.31,86.908,113.449,74.101,76.341,101.496,105.618,96.477,107.987,78.471,81.024,91.825
2021 Feb ,83.849,57.56,126.079,95.938,65.8,60.104,97.516,68.746,83.932,85.694,87.994,99.765,80.113,66.394,73.158,89.086
2021 Jan ,96.791,70.324,134.939,106.534,80.738,77.721,100.657,79.824,94.868,121.204,100.411,94.379,100.46,85.773,85.06,100.997
2020 Dec ,104.89,88.867,130.357,103.592,72.946,70.282,97.659,87.687,110.078,133.542,149.957,110.881,147.38,124.533,91.757,112.523
2020 Nov ,93.979,78.657,116.468,97.937,59.732,71.019,91.565,77.134,82.985,120.528,113.211,90.625,156.816,98.969,82.638,99.043
2020 Oct ,85.774,60.101,120.485,102.877,56.061,76.175,95.143,69.892,72.075,101.647,99.2,76.38,90.811,75.556,81.26,87.892
2020 Sep ,82.603,56.208,115.783,98.858,59.154,75.104,88.775,72.743,66.694,97.76,95.958,76.435,80.403,69.843,78.128,84.257
2020 Aug ,88.727,63.904,126.098,104.473,61.846,78.246,88.89,75.76,72.476,106.281,104.716,85.272,88.068,76.993,82.283,91.039
2020 Jul ,86.582,58.527,126.57,104.638,54.401,74.521,83.247,73.604,71.614,103.879,100.774,77.396,90.946,75.436,85.251,89.242
2020 Jun ,66.466,28.207,134.714,104.663,49.272,41.064,67.505,70.048,38.746,74.887,60.104,41.883,86.226,53.455,57.723,72.068
2020 May ,47.203,7.85,156.74,111.804,40.701,13.183,47.031,52.528,11.336,38.144,27.743,3.677,58.761,16.403,29.366,54.706
2020 Apr ,55.347,14.859,164.799,114.641,42.685,20.493,53.655,52.691,14.223,57.014,35.243,12.255,74.845,35.404,38.354,63.034
2020 Mar ,85.549,57.002,133.25,106.732,59.806,75.153,95.749,84.95,57.803,98.994,82.762,60.192,89.278,75.782,87.077,87.842
2020 Feb ,79.466,59.143,111.006,94.981,65.777,66.095,96.726,84.831,63.239,76.374,75.494,73.549,69.253,75.119,88.962,82.415
2020 Jan ,103.507,110.827,127.533,110.757,146.856,70.495,108.585,117.472,135.521,93.958,93.002,102.613,80.212,90.432,94.037,110.787
2019 Dec ,108.37,124.847,103.914,98.778,107.752,68.053,102.811,130.733,142.739,110.261,134.896,123.301,116.611,136.15,104.532,117.262
2019 Nov ,95.303,102.824,94.319,97.799,94.674,67.514,105.068,105.13,107.56,94.618,100.815,97.887,121.607,103.654,100.523,101.432
2019 Oct ,93.733,92.813,98.295,101.915,99.284,70.849,108.603,99.81,97.931,89.963,90.306,100.609,110.988,86.125,101.394,98.78
2019 Sep ,92.363,93.329,96.591,98.218,95.865,74.921,107.082,104.24,92.538,86.854,89.335,90.853,109.066,84.545,100.635,96.21
2019 Aug ,94.077,100.69,103.472,103.75,106.377,69.817,108.416,108.579,103.087,87.577,101.077,96.62,78.125,93.834,101.28,99.428
2019 Jul ,94.811,87.7,98.484,99.729,96.679,85.438,109.752,104.314,100.693,94.78,97.027,97.041,71.589,93.874,102.37,96.879
2019 Jun ,91.828,92.874,93.903,95.473,88.045,78.65,101.584,104.099,105.476,95.222,96.275,90.655,70.85,85.169,98.707,94.734
2019 May ,97.618,95.139,100.454,101.502,94.865,91.964,112.51,102.276,96.577,100.086,95.28,106.24,72.766,88.007,104.275,98.865
2019 Apr ,92.18,84.302,93.946,99.441,92.138,89.037,107.92,96.573,93.61,90.078,93.611,94.041,76.789,89.31,95.884,92.874
2019 Mar ,99.053,92.567,97.572,101.319,97.182,104.613,109.586,108.25,97.097,96.963,102.339,94.94,86.562,93.26,99.784,97.826
2019 Feb ,86.763,90.603,95.961,94.664,105.551,65.216,94.982,95.204,105.293,71.322,83.734,99.026,70.086,78,88.945,91.515
2019 Jan ,111.063,115.504,116.626,109.35,137.362,106.098,107.857,116.23,128.976,115.481,94.59,101.359,86.276,103.145,108.365,112.158
2018 Dec ,112.315,132.501,102.139,95.073,108.566,89.657,97.571,124.881,139.615,120.482,132.097,112.896,124.298,137.885,111.735,117.312
2018 Nov ,99.702,112.963,92.177,95.193,96.367,86.983,104.679,105.208,103.653,106.116,101.875,96.314,118.576,104.603,105.722,102.508
2018 Oct ,98.009,93.862,96.449,100.443,99.46,91.774,115.773,100.305,93.536,100.13,92.769,93.681,111.196,92.503,107.106,99.384
2018 Sep ,94.394,94.597,95.24,97.897,97.636,85.387,110.722,100.577,88.229,95.743,96.332,95.03,95.606,85.57,104.067,96.381
2018 Aug ,98.257,97.063,101.377,104.906,106.317,87.57,112.15,104.537,98.277,97.548,103.182,105.828,78.368,95.46,105.348,100.614
2018 Jul ,96.223,91.185,97.259,101.042,95.869,84.167,112.869,102.604,100.802,103.453,100.986,103.163,76.831,93.787,102.077,98.882
2018 Jun ,100.608,92.744,94.545,97.997,87.349,116.327,104.743,102.008,100.492,112.716,99.417,95.086,76.247,85.559,101.186,97.141
2018 May ,99.244,98.929,99.684,100.599,95.573,99.402,110.972,103.661,95.686,107.122,94.827,101.179,77.043,92.608,101.993,99.209
2018 Apr ,93.638,86.891,94.738,99.343,95.38,90.044,108.098,98.205,87.829,95.67,94.697,95.993,81.871,93.425,100.467,94.431
2018 Mar ,99.482,98.58,96.225,99.98,100.829,103.675,109.989,105.258,92.46,101.23,103.217,98.861,90.144,98.907,99.385,98.557
2018 Feb ,95.956,103.356,110.104,96.866,134.52,68.651,102.355,106.27,120.967,84.54,87.644,108.625,73.004,83.876,91.919,101.979
2018 Jan ,103.125,107.878,105.967,105.107,126.146,88.384,107.393,105.278,113.62,115.644,92.434,96.865,98.741,105.113,103.152,106.376
2017 Dec ,119.406,134.349,102.842,96.987,111.356,113.022,97.982,122.082,140.198,125.99,140.3,119.74,152.853,142.115,108.907,120.814
2017 Nov ,101.737,103.896,93.512,95.365,99.721,102.471,101.544,98.406,99.9,103.512,101.867,94.414,136.28,109.605,102.047,101.575
2017 Oct ,97.663,97.765,99.315,100.543,98.695,93.611,103.887,97.012,95.064,97.485,94.98,99.569,96.47,94.091,102.757,98.556
2017 Sep ,92.78,93.763,96.185,98.831,96.534,83.184,99.418,97.34,86.071,93.719,93.869,88.88,102.487,88.108,102.518,94.896
2017 Aug ,98.698,93.908,102.425,103.442,111.993,100.436,101.574,101.839,93.316,98.361,98.239,98.885,81.402,98.033,100.53,98.315
2017 Jul ,98.731,95.957,100.711,100.136,102.676,99.255,102.548,98.75,99.071,101.379,98.526,100.377,84.479,98.425,97.455,98.615
2017 Jun ,98.936,94.883,95.911,97.562,88.249,106.017,95.846,96.467,99.672,112.343,91.844,100.964,86.654,87.816,96.762,97.375
2017 May ,99.115,96.692,100.789,101.764,97.287,108.49,101.972,97.458,90.2,96.825,96.181,100.022,83.455,94.464,100.566,97.047
2017 Apr ,92.598,88.753,97.513,99.541,90,90.765,99.591,90.086,89.842,89.517,95.712,95.218,87.819,94.584,91.365,93.002
2017 Mar ,100.505,90.74,96.222,100.897,93.084,121.515,103.329,98.338,87.632,96.519,100.942,93.526,98.386,98.594,99.698,95.871
2017 Feb ,88.4,82.86,88.309,91.034,83.006,83.209,92.484,91.698,84.666,78.567,89.89,100.195,89.06,92.166,97.981,89.545
2017 Jan ,111.432,126.435,126.266,113.897,127.399,98.026,99.826,110.522,134.367,105.783,97.65,108.212,100.655,101.998,99.415,114.388
2016 Dec ,112.294,139.958,98.369,102.62,112.535,89.719,93.993,117.55,135.587,122.482,131.611,125.787,127.289,131.635,111.412,117.769
2016 Nov ,96.63,99.822,89.771,97.683,94.981,95.35,93.258,93.558,98.183,98.676,92.837,92.841,119.333,102.338,100.533,96.94
2016 Oct ,97.463,97.216,96.46,103.733,100.767,97.351,96.76,93.549,91.191,95.274,94.378,95.659,121.87,92.406,99.244,97.49
2016 Sep ,93.272,87.726,89.958,101.69,97.761,98.249,91.076,93.788,81.181,96.058,91.881,84.627,110.837,89.088,100.362,92.064
2016 Aug ,95.848,92.696,98.346,106.485,105.213,97.744,92.771,94.769,89.03,92.654,93.18,96.818,83.688,99.907,99.733,95.388
2016 Jul ,97.744,95.26,97.888,104.39,97.124,98.977,94.246,92.794,95.852,107.83,98.092,94.844,82.548,104.057,100.502,97.445
2016 Jun ,97.52,93.613,90.535,97.837,94.096,112.351,86.677,92.824,93.744,110.979,88.483,87.007,86.659,94.109,99.997,93.923
2016 May ,98.923,101.744,98.587,103.28,102.972,106.407,91.064,92.028,93.864,99.634,99.574,98.012,84.642,100.436,98.708,97.108
2016 Apr ,92.005,85.548,93.8,103.018,93.388,96.981,88.142,86.325,86.268,92.909,95.329,83.831,88.31,100.785,95.31,90.798
2016 Mar ,98.479,92.224,93.975,104.062,96.811,113.687,92.766,95.083,89.961,95.506,94.458,90.174,101.547,91.555,102.023,94.791
2016 Feb ,90.3,95.87,98.858,97.371,104.766,76.07,80.659,90.231,101.316,78.233,87.632,103.469,86.74,91.424,89.97,93.751
2016 Jan ,108.292,124.795,111.048,112.056,119.382,95.992,93.052,99.893,120.25,119.564,98.893,108.102,100.731,121.742,106.515,111.275
2015 Dec ,111.561,139.889,98.587,101.27,112.619,88.932,96.117,106.917,138.489,119.593,127.515,124.882,140.094,130.555,105.341,117.048
2015 Nov ,95.937,104.605,92.487,98.998,96.821,81.466,94.265,89.6,102.702,100.759,91.604,99.404,135.064,103.811,93.802,99.447
2015 Oct ,95.551,96.783,95.715,104.123,98.922,85.051,101.165,93.247,94.607,96.329,89.345,93.968,131.577,93.997,96.69,98.097
2015 Sep ,91.547,94.623,92.638,98.796,105.185,81.078,96.213,91.869,83.276,95.15,86.121,89.701,121.006,90.56,95.499,94.086
2015 Aug ,96.35,98.598,101.932,106.681,113.548,74.427,102.92,95.169,98.938,98.304,105.483,110.895,102.936,104.494,95.367,101.667
2015 Jul ,95.003,102.063,95.735,103.748,106.354,72.3,109.099,88.577,98.099,110.033,103.556,105.268,99.069,108.493,93.335,100.509
2015 Jun ,96.039,101.617,91.546,97.324,99.982,95.472,100.874,89.997,98.454,104.513,100.201,88.26,107.731,99.664,89.718,96.177
2015 May ,95.93,108.263,98.902,105.642,107.441,78.29,106.953,90.05,96.167,96.838,100.605,101.48,102.621,108.319,96.623,100.208
2015 Apr ,89.023,90.543,90.932,99.163,101.03,67.808,97.846,84.066,87.965,95.124,92.709,93.483,114.889,108.548,94.172,94.168
2015 Mar ,93.487,97.56,92.791,102.875,108.723,80.472,100.84,90.022,91.699,91.995,99.498,96.752,119.84,106.256,91.827,96.643
2015 Feb ,92.613,113.476,106.222,96.374,161.902,50.278,87.29,87.319,115.933,89.485,90.701,111.052,103.924,96.402,91.078,102.88
2015 Jan ,100.368,110.427,100.818,106.431,119.429,63.603,94.831,84.822,117.275,119.196,97.674,117.789,143.832,122.754,98.238,109.284
2014 Dec ,108.511,144.715,98.137,102.501,125.092,54.719,102.487,102.846,143.281,125.751,129.715,123.702,197.375,137.629,97.357,121.557
2014 Nov ,91.553,104.763,91.367,103.89,109.847,51.024,111.999,82.157,103.471,100.909,98.164,100.096,148.223,111.857,91.077,101.382
2014 Oct ,92.843,99.716,93.2,108.003,111.81,52.557,121.412,83.701,96.804,102.2,101.974,101.71,164.172,105.159,92.316,102.613
2014 Sep ,87.815,92.236,89.002,104.113,104.27,54.664,124.117,90.071,89.695,97.537,94.64,91.652,123.889,100.03,85.009,95.854
2014 Aug ,90.394,96.659,96.42,110.096,120.433,51.729,128.682,85.981,97.307,95.448,104.86,98.623,102.72,116.188,90.312,99.771
2014 Jul ,90.303,97.126,94.989,106.744,109.634,51.406,130.431,80.631,100.544,116.642,99.725,93.878,94.84,112.551,86.659,99.736
2014 Jun ,89.632,101.263,88.843,100.903,104.858,51.551,121.077,92.783,102.998,109.112,102.892,90.35,115.445,110.275,83.805,98.868
2014 May ,90.616,105.976,93.494,104.498,114.017,53.397,128.135,81.702,96.893,98.333,114.134,101.249,108.388,116.649,83.76,99.642
2014 Apr ,84.794,88.11,88.495,103.222,107.612,43.343,124.345,81.948,92.518,97.923,97.294,92.326,110.8,110.883,83.029,94.846
2014 Mar ,91.621,99.206,92.067,107.048,109.045,57.487,128.223,93.769,98.735,99.5,107.16,95.638,123.587,107.378,84.942,99.9
2014 Feb ,80.921,91.033,78.694,87.219,98.489,40.092,110.446,79.656,95.946,81.185,97.069,109.944,104.131,103.863,77.636,90.822
2014 Jan ,105.965,130.208,112.989,114.266,206.654,47.745,130.787,96.61,138.731,120.569,115.048,116.441,121.173,120.667,100.413,120.084
2013 Dec ,103.748,155.36,95.235,104.925,124.635,42.184,118.035,98.381,151.981,131.594,143.587,123.473,158.943,145.956,98.765,121.595
2013 Nov ,86.345,103.38,87.494,100.856,107.187,36.663,118.66,81.398,107.686,105.641,102.632,94.806,140.454,119.269,89.047,100.52
2013 Oct ,85.998,98.342,89.517,103.443,107.929,39.186,124.706,80.648,99.639,104.282,102.301,96.003,124.938,104.603,91.074,98.952
2013 Sep ,86.04,94.331,86.026,101.715,108,44.888,123.247,85.142,91.906,103.482,103.236,91.571,121.505,103.084,90.759,96.522
2013 Aug ,87.366,102.591,94.139,108.12,115.436,36.75,126.716,78.946,105.342,107.656,121.241,101.32,106.172,108.502,94.672,101.86
2013 Jul ,87.407,95.938,88.71,109.296,109.816,38.471,127.922,78.079,106.777,113.361,108.889,102.085,111.714,115.173,94.228,101.165
2013 Jun ,91.07,105.082,87.791,103.21,105.403,48.059,115.778,89.964,107.925,109.647,119.538,100.018,131.819,109.131,92.046,101.926
2013 May ,96.972,107.272,89.024,104.253,108.204,67.909,120.373,81.032,98.053,98.963,112.168,111.857,127.258,109.163,93.86,101.232
2013 Apr ,92.141,89.096,84.747,101.066,103.859,63.32,118.761,77.529,93.168,101.354,108.277,109.751,110.573,111.03,93.532,96.715
2013 Mar ,91.908,100.389,88.159,104.827,105.354,52.102,125.286,87.344,98.534,106.073,111.713,99.042,128.233,116.953,99.421,101.293
2013 Feb ,88.712,102.858,92.248,104.664,148.308,43.77,113.485,87.442,112.919,90.366,103.331,107.433,117.33,97.722,82.011,100.614
2013 Jan ,103.232,116.097,94.151,108.882,133.866,68.755,123.05,85.773,132.001,124.93,103.149,104.308,123.821,119.323,96.326,109.31
2012 Dec ,109.812,150.32,91.997,103.931,124.606,62.006,113.057,91.624,150.639,136.691,145.2,131.368,166.531,142.987,97.856,121.132
2012 Nov ,94.579,101.024,82.679,101.583,105.209,63.033,112.463,80.388,107.125,109.837,100.471,97.865,157.501,108.392,90,100.13
2012 Oct ,95.245,100.239,86.702,103.21,103.797,64.835,123.115,79.714,101.199,111.4,101.962,99.89,145.93,99.173,88.016,100.243
2012 Sep ,91.556,95.282,83.16,101.517,102.425,60.914,121.179,81.773,93.205,106.817,102.342,92.047,144.151,98.341,89.468,96.975
2012 Aug ,94.615,96.674,89.625,105.818,108.284,62.868,122.439,77.462,104.686,114.018,111.307,99.888,114.402,101.653,96.557,100.251
2012 Jul ,95.178,94.277,85.522,103.979,103.347,67.182,118.023,76.903,109.779,113.395,109.347,98.432,122.139,107.858,90.78,99.129
2012 Jun ,95.046,101.608,81.114,99.952,97.67,65.771,112.178,84.66,107.327,113.056,118.726,96.328,144.098,106.109,90.5,99.567
2012 May ,94.281,102.038,84.056,101.308,100.786,65.637,123.621,79.029,97.447,110.076,113.583,104.444,118.867,102.551,89.763,98.591
2012 Apr ,92.615,93.171,81.719,98.712,99.062,65.041,124.88,76.239,95.891,104.739,108.274,102.787,123.224,105.724,91.239,96.604
2012 Mar ,99.384,97.535,82.293,100.586,98.498,77.372,129.627,84.482,97.052,115.017,107.306,97.858,143.798,111.543,95.786,100.36
2012 Feb ,91.462,88.088,75.515,94.39,95.267,72.537,118.97,77.47,91.188,98.003,102.582,98.399,110.2,105.477,90.254,91.779
2012 Jan ,105.822,127.812,103.585,114.688,172.317,62.2,121.705,84.608,143.851,123.96,110.411,111.525,131.589,116.64,96.425,115.663
2011 Dec ,111.72,154.121,87.992,101.568,117.256,66.063,115.083,86.387,153.693,137.07,150.31,131.297,185.312,143.777,102.973,121.938
2011 Nov ,95.919,100.5,78.932,97.839,100.41,70.936,115.166,72.337,103.279,108.992,99.495,96.084,164.267,113.556,90.188,98.491
2011 Oct ,96.402,100.34,84.505,101.497,104.127,70.846,118.998,75.26,100.007,111.384,104.222,103.186,135.204,102.427,91.768,99.183
2011 Sep ,89.127,91.769,78.09,99.693,96.188,62.397,115.668,75.446,89.84,104.783,97.367,93.81,126.97,95.241,89.92,93.051
2011 Aug ,91.256,93.188,86.13,101.902,104.134,59.773,117.102,70.559,98.528,111.673,105.824,102.002,114.899,101.137,92.182,97.068
2011 Jul ,98.034,100.419,83.28,101.575,99.558,74.359,121.63,71.298,111.027,113.772,113.681,103.079,125.122,109.59,92.6,99.853
2011 Jun ,95.86,100.377,78.184,94.934,97.236,73.728,110.522,70.385,105.849,110.506,114.098,106.32,129.093,106.831,91.362,97.195
2011 May ,93.665,103.289,84.236,99.434,97.346,65.684,117.27,72.617,97.816,111.384,111.3,106.819,114.035,109.629,86.114,97.74
2011 Apr ,90.465,89.725,81.081,96.172,95.515,65.194,118.764,69.215,94.355,103.242,108.879,99.009,111.491,111.775,87.607,93.636
2011 Mar ,91.19,88.655,79.14,96.327,93.553,65.661,117.051,76.539,90.746,109.171,103.281,89.05,131.673,117.388,93.631,94.411
2011 Feb ,76.266,82.095,73.558,90.449,98.205,41.78,99.696,61.112,88.358,87.362,95.704,92.548,103.698,102.873,75.503,84.688
2011 Jan ,103.479,124.758,98.521,108.865,150.978,64.017,111.123,79.53,141.165,126.646,113.024,103.012,122.723,125.504,100.832,111.71
2010 Dec ,107.578,141.759,84.399,98.986,105.582,73.092,100.593,76.506,145.135,135.202,152.518,117.754,146.347,148.168,98.831,113.282
2010 Nov ,90.842,93.589,77.429,92.657,95.202,67.239,95.076,67.291,105.374,111.104,94.493,90.159,128.345,118.346,90.261,93.252
2010 Oct ,88.834,92.01,79.519,97.101,96.678,65.33,100.82,68.473,96.593,106.347,96.173,90.946,110.388,106.312,86.2,91.376
2010 Sep ,89.324,90.984,75.68,94.395,94.864,69.141,97.368,69.245,87.172,108.173,96.489,86.089,136.422,102.087,87.557,90.376
2010 Aug ,88.245,87.298,81.969,95.369,97.794,66.223,101.523,64.999,88.85,109.871,100.871,82.228,117.599,107.035,83.248,90.193
2010 Jul ,88.537,92.238,77.661,92.812,94.735,67.147,102.448,65.495,102.217,109.904,108.136,80.775,97.114,114.246,87.478,90.182
2010 Jun ,86.318,94.425,74.996,85.778,86.487,65.544,94.665,68.996,93.722,107.692,108.786,80.739,100.24,110.985,85.409,87.888
2010 May ,85.399,98.861,80.317,93.261,92.041,56.467,103.766,65.978,93.236,105.913,108.949,86.014,101.178,114.739,81.888,90.606
2010 Apr ,83.481,83.625,74.299,89.484,85.464,63.775,102.23,61.925,84.78,102.895,100.224,76.72,103.988,110.114,78.985,84.83
2010 Mar ,90.53,82.821,75.561,91.717,82.871,77.534,103.54,69.509,84.673,105.12,104.92,77.592,132.182,115.021,83.852,88.342
2010 Feb ,86.103,92.239,81.439,91.967,140.235,66.852,93.777,59.635,102.435,82.033,97.994,79.462,99.341,95.372,80.192,87.027
2010 Jan ,100.049,103.192,81.587,94.542,96.059,89.338,101.908,65.032,117.696,118.584,103.74,84.021,119.118,125.708,85.697,96.039
2009 Dec ,104.206,130.72,78.909,96.287,103.014,85.86,92.985,68.224,125.998,119.599,145.721,107.943,144.147,138.122,93.168,103.994
2009 Nov ,89.113,92.697,73.506,89.556,86.426,83.302,91.799,58.848,90.95,99.19,100.055,78.89,116.192,110.643,81.409,85.905
2009 Oct ,89.032,85.458,74.999,93.698,93.065,84.452,95.804,58.61,84.842,97.213,96.808,79.535,112.042,106.114,84.757,85.452
2009 Sep ,88.054,84.919,74.81,95.058,91.508,78.736,95.068,59.627,84.764,105.204,96.231,78.087,114.824,103.473,83.504,85.98
2009 Aug ,89.207,79.38,78.232,96.255,92.969,84.193,99.078,59.945,91.548,97.083,99.54,74.149,103.492,107.91,82.475,85.751
2009 Jul ,89.789,83.68,73.177,95.271,94.989,86.189,95.93,59.256,94.918,106.275,105.032,68.858,105.844,106.203,86.683,85.867
2009 Jun ,92.488,92.438,71.197,93.118,92.526,100.42,90.971,62.475,94.133,100.662,107.654,65.719,109.052,105.937,80.943,84.881
2009 May ,90.387,91.389,76.654,95.296,88.079,92.839,91.536,60.963,85.112,97.405,105.944,69.742,99.143,103.847,78.903,84.578
2009 Apr ,85.503,76.579,70.429,91.779,88.825,90.596,87.221,56.726,74.848,92.672,96.386,66.63,98.914,103.377,79.917,79.158
2009 Mar ,93.277,81.857,74.124,91.052,94.435,110.106,88.072,60.104,81.585,93.714,99.935,60.267,128.337,112.307,83.325,82.901
2009 Feb ,84.794,68.774,63.509,82.939,85.9,108.291,80.774,52.2,68.496,79.163,89.025,70.638,92.036,105.131,70.367,72.85
2009 Jan ,100.27,105.671,90.165,106.035,151.704,99.501,87.809,66.517,118.042,98.982,100.25,70.98,94.11,109.345,85.12,94.893
2008 Dec ,109.439,133.546,78.219,99.237,102.339,117.904,85.277,66.594,123.986,116.724,139.347,92.485,121.809,137.826,92.988,100.721
2008 Nov ,90.477,86.415,70.017,91.884,87.427,99.134,91.692,54.924,86.613,92.626,97.26,70.05,112.214,112.96,85.167,82.761
2008 Oct ,93.29,89.71,71.748,95.611,86.83,98.916,106.577,55.228,78.438,100.499,94.819,85.118,105.751,111.21,93.48,86.345
2008 Sep ,100.003,84.414,71.304,95.41,91.189,123.606,107.87,56.63,84.964,107.685,92.056,75.43,121.402,108.749,97.449,87.176
2008 Aug ,93.662,83.76,74.309,96.516,97.105,95.281,114.985,54.557,88.99,96.903,100.904,82.171,120.199,112.801,88.477,87.924
2008 Jul ,99.437,81.882,71.46,90.541,92.085,119.714,125.502,54.089,93.937,109.643,102.386,73.873,100.868,113.261,94.375,87.66
2008 Jun ,101.21,93.755,67.14,86.525,94.443,130.027,113.562,57.75,96.173,105.354,112.844,76.227,96.814,111.099,89.504,86.717
2008 May ,100.964,98.552,70.315,90.968,90.701,121.793,117.644,58.341,92.822,104.149,112.997,84.77,96.89,106.654,93.176,88.932
2008 Apr ,96.376,77.54,67.148,89.007,86.027,126.061,110.058,53.77,79.293,100.135,96.305,70.568,102.375,104.234,90.576,81.889
2008 Mar ,100.289,85.587,67.602,86.31,97.798,119.954,109.283,54.996,95.015,119.692,102.748,81.619,128.19,122.431,86.279,88.653
2008 Feb ,89.769,82.081,68.754,84.427,114.563,101.941,99.398,48.354,86.29,92.253,95.42,78.943,93.994,95.842,78.83,81.016
2008 Jan ,113.621,103.113,74.137,92.146,134.764,145.584,106.988,67.308,124.222,126.913,97.972,88.266,107.789,115.509,100.471,97.47
,,,,,,,,,,,,,,,,
,,,,,,,,,,,,,,,,
,,,,,,,,,,,,,,,,
,,,,,,,,,,,,,,,,
,,,,,,,,,,,,,,,,
,,,,,,,,,,,,,,,,
,,,,,,,,,,,,,,,,
,,,,,,,,,,,,,,,,
,,,,,,,,,,,,,,,,
,,,,,,,,,,,,,,,,
,,,,,,,,,,,,,,,,
,,,,,,,,,,,,,,,,
,,,,,,,,,,,,,,,,
,,,,,,,,,,,,,,,,
,,,,,,,,,,,,,,,,
,,,,,,,,,,,,,,,,
,,,,,,,,,,,,,,,,
,,,,,,,,,,,,,,,,
,,,,,,,,,,,,,,,,
,,,,,,,,,,,,,,,,
,,,,,,,,,,,,,,,,
,,,,,,,,,,,,,,,,
,,,,,,,,,,,,,,,,
,,,,,,,,,,,,,,,,
,,,,,,,,,,,,,,,,
,,,,,,,,,,,,,,,,
,,,,,,,,,,,,,,,,
,,,,,,,,,,,,,,,,
,,,,,,,,,,,,,,,,
,,,,,,,,,,,,,,,,
,,,,,,,,,,,,,,,,
,,,,,,,,,,,,,,,,
,,,,,,,,,,,,,,,,
,,,,,,,,,,,,,,,,
,,,,,,,,,,,,,,,,
,,,,,,,,,,,,,,,,
,,,,,,,,,,,,,,,,
,,,,,,,,,,,,,,,,
,,,,,,,,,,,,,,,,
,,,,,,,,,,,,,,,,
,,,,,,,,,,,,,,,,
,,,,,,,,,,,,,,,,
,,,,,,,,,,,,,,,,
,,,,,,,,,,,,,,,,
,,,,,,,,,,,,,,,,
,,,,,,,,,,,,,,,,
,,,,,,,,,,,,,,,,
,,,,,,,,,,,,,,,,
,,,,,,,,,,,,,,,,
,,,,,,,,,,,,,,,,
,,,,,,,,,,,,,,,,
,,,,,,,,,,,,,,,,
,,,,,,,,,,,,,,,,
,,,,,,,,,,,,,,,,
,,,,,,,,,,,,,,,,
,,,,,,,,,,,,,,,,
,,,,,,,,,,,,,,,,
,,,,,,,,,,,,,,,,
,,,,,,,,,,,,,,,,
,,,,,,,,,,,,,,,,
,,,,,,,,,,,,,,,,
,,,,,,,,,,,,,,,,
,,,,,,,,,,,,,,,,
,,,,,,,,,,,,,,,,
,,,,,,,,,,,,,,,,
,,,,,,,,,,,,,,,,
,,,,,,,,,,,,,,,,
,,,,,,,,,,,,,,,,
,,,,,,,,,,,,,,,,
,,,,,,,,,,,,,,,,
,,,,,,,,,,,,,,,,
,,,,,,,,,,,,,,,,
,,,,,,,,,,,,,,,,
,,,,,,,,,,,,,,,,
,,,,,,,,,,,,,,,,
,,,,,,,,,,,,,,,,
,,,,,,,,,,,,,,,,
,,,,,,,,,,,,,,,,
,,,,,,,,,,,,,,,,
,,,,,,,,,,,,,,,,
,,,,,,,,,,,,,,,,
,,,,,,,,,,,,,,,,
,,,,,,,,,,,,,,,,
,,,,,,,,,,,,,,,,
,,,,,,,,,,,,,,,,
,,,,,,,,,,,,,,,,
,,,,,,,,,,,,,,,,
,,,,,,,,,,,,,,,,
,,,,,,,,,,,,,,,,
,,,,,,,,,,,,,,,,
,,,,,,,,,,,,,,,,
,,,,,,,,,,,,,,,,
,,,,,,,,,,,,,,,,
,,,,,,,,,,,,,,,,
,,,,,,,,,,,,,,,,
,,,,,,,,,,,,,,,,
,,,,,,,,,,,,,,,,
,,,,,,,,,,,,,,,,
,,,,,,,,,,,,,,,,
,,,,,,,,,,,,,,,,
,,,,,,,,,,,,,,,,
,,,,,,,,,,,,,,,,
,,,,,,,,,,,,,,,,
,,,,,,,,,,,,,,,,
,,,,,,,,,,,,,,,,
,,,,,,,,,,,,,,,,
,,,,,,,,,,,,,,,,
,,,,,,,,,,,,,,,,
,,,,,,,,,,,,,,,,
,,,,,,,,,,,,,,,,
,,,,,,,,,,,,,,,,
,,,,,,,,,,,,,,,,
,,,,,,,,,,,,,,,,
,,,,,,,,,,,,,,,,
,,,,,,,,,,,,,,,,
,,,,,,,,,,,,,,,,
,,,,,,,,,,,,,,,,
,,,,,,,,,,,,,,,,
,,,,,,,,,,,,,,,,
,,,,,,,,,,,,,,,,
,,,,,,,,,,,,,,,,
,,,,,,,,,,,,,,,,
,,,,,,,,,,,,,,,,
,,,,,,,,,,,,,,,,
,,,,,,,,,,,,,,,,
,,,,,,,,,,,,,,,,
,,,,,,,,,,,,,,,,
,,,,,,,,,,,,,,,,
,,,,,,,,,,,,,,,,
,,,,,,,,,,,,,,,,
,,,,,,,,,,,,,,,,
,,,,,,,,,,,,,,,,
,,,,,,,,,,,,,,,,
,,,,,,,,,,,,,,,,
,,,,,,,,,,,,,,,,
,,,,,,,,,,,,,,,,
,,,,,,,,,,,,,,,,
,,,,,,,,,,,,,,,,
,,,,,,,,,,,,,,,,
,,,,,,,,,,,,,,,,
,,,,,,,,,,,,,,,,
,,,,,,,,,,,,,,,,
,,,,,,,,,,,,,,,,
,,,,,,,,,,,,,,,,
,,,,,,,,,,,,,,,,
,,,,,,,,,,,,,,,,
,,,,,,,,,,,,,,,,
,,,,,,,,,,,,,,,,
,,,,,,,,,,,,,,,,
,,,,,,,,,,,,,,,,
,,,,,,,,,,,,,,,,
,,,,,,,,,,,,,,,,
,,,,,,,,,,,,,,,,
,,,,,,,,,,,,,,,,
,,,,,,,,,,,,,,,,
,,,,,,,,,,,,,,,,
,,,,,,,,,,,,,,,,
,,,,,,,,,,,,,,,,
,,,,,,,,,,,,,,,,
,,,,,,,,,,,,,,,,
,,,,,,,,,,,,,,,,
,,,,,,,,,,,,,,,,
,,,,,,,,,,,,,,,,
,,,,,,,,,,,,,,,,
,,,,,,,,,,,,,,,,
,,,,,,,,,,,,,,,,
,,,,,,,,,,,,,,,,
,,,,,,,,,,,,,,,,
,,,,,,,,,,,,,,,,
,,,,,,,,,,,,,,,,
,,,,,,,,,,,,,,,,
,,,,,,,,,,,,,,,,
,,,,,,,,,,,,,,,,
,,,,,,,,,,,,,,,,
,,,,,,,,,,,,,,,,
,,,,,,,,,,,,,,,,
,,,,,,,,,,,,,,,,
,,,,,,,,,,,,,,,,
,,,,,,,,,,,,,,,,
,,,,,,,,,,,,,,,,
,,,,,,,,,,,,,,,,
,,,,,,,,,,,,,,,,
,,,,,,,,,,,,,,,,
,,,,,,,,,,,,,,,,
,,,,,,,,,,,,,,,,
,,,,,,,,,,,,,,,,
,,,,,,,,,,,,,,,,
,,,,,,,,,,,,,,,,
,,,,,,,,,,,,,,,,
,,,,,,,,,,,,,,,,
,,,,,,,,,,,,,,,,
,,,,,,,,,,,,,,,,
,,,,,,,,,,,,,,,,
,,,,,,,,,,,,,,,,
,,,,,,,,,,,,,,,,
,,,,,,,,,,,,,,,,
,,,,,,,,,,,,,,,,
,,,,,,,,,,,,,,,,
,,,,,,,,,,,,,,,,
,,,,,,,,,,,,,,,,
,,,,,,,,,,,,,,,,
,,,,,,,,,,,,,,,,
,,,,,,,,,,,,,,,,
,,,,,,,,,,,,,,,,
,,,,,,,,,,,,,,,,
,,,,,,,,,,,,,,,,
,,,,,,,,,,,,,,,,
,,,,,,,,,,,,,,,,
,,,,,,,,,,,,,,,,
,,,,,,,,,,,,,,,,
,,,,,,,,,,,,,,,,
,,,,,,,,,,,,,,,,
,,,,,,,,,,,,,,,,
,,,,,,,,,,,,,,,,
,,,,,,,,,,,,,,,,
,,,,,,,,,,,,,,,,
,,,,,,,,,,,,,,,,
,,,,,,,,,,,,,,,,
,,,,,,,,,,,,,,,,
,,,,,,,,,,,,,,,,
,,,,,,,,,,,,,,,,
,,,,,,,,,,,,,,,,
,,,,,,,,,,,,,,,,
,,,,,,,,,,,,,,,,
,,,,,,,,,,,,,,,,
,,,,,,,,,,,,,,,,
,,,,,,,,,,,,,,,,
,,,,,,,,,,,,,,,,
,,,,,,,,,,,,,,,,
,,,,,,,,,,,,,,,,
,,,,,,,,,,,,,,,,
,,,,,,,,,,,,,,,,
,,,,,,,,,,,,,,,,
,,,,,,,,,,,,,,,,
,,,,,,,,,,,,,,,,
,,,,,,,,,,,,,,,,
,,,,,,,,,,,,,,,,
,,,,,,,,,,,,,,,,
,,,,,,,,,,,,,,,,
,,,,,,,,,,,,,,,,
,,,,,,,,,,,,,,,,
,,,,,,,,,,,,,,,,
,,,,,,,,,,,,,,,,
,,,,,,,,,,,,,,,,
,,,,,,,,,,,,,,,,
,,,,,,,,,,,,,,,,
,,,,,,,,,,,,,,,,
,,,,,,,,,,,,,,,,
,,,,,,,,,,,,,,,,
,,,,,,,,,,,,,,,,
,,,,,,,,,,,,,,,,
,,,,,,,,,,,,,,,,
,,,,,,,,,,,,,,,,
,,,,,,,,,,,,,,,,
,,,,,,,,,,,,,,,,
,,,,,,,,,,,,,,,,
,,,,,,,,,,,,,,,,
,,,,,,,,,,,,,,,,
,,,,,,,,,,,,,,,,
,,,,,,,,,,,,,,,,
,,,,,,,,,,,,,,,,
,,,,,,,,,,,,,,,,
,,,,,,,,,,,,,,,,
,,,,,,,,,,,,,,,,
,,,,,,,,,,,,,,,,
,,,,,,,,,,,,,,,,
,,,,,,,,,,,,,,,,
,,,,,,,,,,,,,,,,
,,,,,,,,,,,,,,,,
,,,,,,,,,,,,,,,,
,,,,,,,,,,,,,,,,
,,,,,,,,,,,,,,,,
,,,,,,,,,,,,,,,,
,,,,,,,,,,,,,,,,
,,,,,,,,,,,,,,,,
,,,,,,,,,,,,,,,,